OTU,Phylum,Class,Order,Family,Genus
Taxon1,Abditibacteriota,Abditibacteria,Abditibacteriales,Abditibacteriaceae,Abditibacterium
Taxon2,Acidobacteriota,Acidobacteriae,Acidobacteriales,Acidobacteriaceae_(Subgroup_1),Acidicapsa
Taxon3,Acidobacteriota,Acidobacteriae,Acidobacteriales,Acidobacteriaceae_(Subgroup_1),Acidipila
Taxon4,Acidobacteriota,Acidobacteriae,Acidobacteriales,Acidobacteriaceae_(Subgroup_1),Acidobacteriaceae_(Subgroup_1)_ge
Taxon5,Acidobacteriota,Acidobacteriae,Acidobacteriales,Acidobacteriaceae_(Subgroup_1),Acidobacterium
Taxon6,Acidobacteriota,Acidobacteriae,Acidobacteriales,Acidobacteriaceae_(Subgroup_1),Bryocella
Taxon7,Acidobacteriota,Acidobacteriae,Acidobacteriales,Acidobacteriaceae_(Subgroup_1),Edaphobacter
Taxon8,Acidobacteriota,Acidobacteriae,Acidobacteriales,Acidobacteriaceae_(Subgroup_1),Granulicella
Taxon9,Acidobacteriota,Acidobacteriae,Acidobacteriales,Acidobacteriaceae_(Subgroup_1),Occallatibacter
Taxon10,Acidobacteriota,Acidobacteriae,Acidobacteriales,Acidobacteriaceae_(Subgroup_1),Terracidiphilus
Taxon11,Acidobacteriota,Acidobacteriae,Acidobacteriales,Koribacteraceae,Candidatus_Koribacter
Taxon12,Acidobacteriota,Acidobacteriae,Acidobacteriales,uncultured,uncultured_ge
Taxon13,Acidobacteriota,Acidobacteriae,Bryobacterales,Bryobacteraceae,Bryobacter
Taxon14,Acidobacteriota,Acidobacteriae,Solibacterales,Solibacteraceae,Candidatus_Solibacter
Taxon15,Acidobacteriota,Acidobacteriae,Subgroup_2,Subgroup_2_fa,Subgroup_2_ge
Taxon16,Acidobacteriota,Blastocatellia,24-Nov,11-24_fa,11-24_ge
Taxon17,Acidobacteriota,Subgroup_18,Subgroup_18_or,Subgroup_18_fa,Subgroup_18_ge
Taxon18,Acidobacteriota,Thermoanaerobaculia,Thermoanaerobaculales,Thermoanaerobaculaceae,Subgroup_10
Taxon19,Acidobacteriota,Vicinamibacteria,Vicinamibacterales,Vicinamibacteraceae,Vicinamibacter
Taxon20,Acidobacteriota,Vicinamibacteria,Vicinamibacterales,uncultured,uncultured_ge
Taxon21,Actinobacteriota,Acidimicrobiia,IMCC26256,IMCC26256_fa,IMCC26256_ge
Taxon22,Actinobacteriota,Acidimicrobiia,Microtrichales,Ilumatobacteraceae,CL500-29_marine_group
Taxon23,Actinobacteriota,Acidimicrobiia,Microtrichales,Ilumatobacteraceae,Ilumatobacter
Taxon24,Actinobacteriota,Acidimicrobiia,Microtrichales,Ilumatobacteraceae,Ilumatobacteraceae_ge
Taxon25,Actinobacteriota,Acidimicrobiia,Microtrichales,Ilumatobacteraceae,uncultured
Taxon26,Actinobacteriota,Acidimicrobiia,Microtrichales,uncultured,uncultured_ge
Taxon27,Actinobacteriota,Acidimicrobiia,uncultured,uncultured_fa,uncultured_ge
Taxon28,Actinobacteriota,Actinobacteria,Actinomycetales,Actinomycetaceae,Actinomyces
Taxon29,Actinobacteriota,Actinobacteria,Actinomycetales,Actinomycetaceae,F0332
Taxon30,Actinobacteriota,Actinobacteria,Actinomycetales,Actinomycetales_Incertae_Sedis,Candidatus_Ancillula
Taxon31,Actinobacteriota,Actinobacteria,Catenulisporales,Actinospicaceae,Actinospica
Taxon32,Actinobacteriota,Actinobacteria,Catenulisporales,Catenulisporaceae,Catenulispora
Taxon33,Actinobacteriota,Actinobacteria,Corynebacteriales,Corynebacteriaceae,Corynebacterium
Taxon34,Actinobacteriota,Actinobacteria,Corynebacteriales,Corynebacteriaceae,Lawsonella
Taxon35,Actinobacteriota,Actinobacteria,Corynebacteriales,Corynebacteriales_Incertae_Sedis,Tomitella
Taxon36,Actinobacteriota,Actinobacteria,Corynebacteriales,Mycobacteriaceae,Mycobacterium
Taxon37,Actinobacteriota,Actinobacteria,Corynebacteriales,Nocardiaceae,Gordonia
Taxon38,Actinobacteriota,Actinobacteria,Corynebacteriales,Nocardiaceae,Millisia
Taxon39,Actinobacteriota,Actinobacteria,Corynebacteriales,Nocardiaceae,Nocardia
Taxon40,Actinobacteriota,Actinobacteria,Corynebacteriales,Nocardiaceae,Nocardiaceae_ge
Taxon41,Actinobacteriota,Actinobacteria,Corynebacteriales,Nocardiaceae,Rhodococcus
Taxon42,Actinobacteriota,Actinobacteria,Corynebacteriales,Segniliparaceae,Segniliparus
Taxon43,Actinobacteriota,Actinobacteria,Frankiales,Acidothermaceae,Acidothermus
Taxon44,Actinobacteriota,Actinobacteria,Frankiales,Cryptosporangiaceae,Cryptosporangium
Taxon45,Actinobacteriota,Actinobacteria,Frankiales,Frankiaceae,Frankia
Taxon46,Actinobacteriota,Actinobacteria,Frankiales,Frankiaceae,Jatrophihabitans
Taxon47,Actinobacteriota,Actinobacteria,Frankiales,Geodermatophilaceae,Antricoccus
Taxon48,Actinobacteriota,Actinobacteria,Frankiales,Nakamurellaceae,Nakamurella
Taxon49,Actinobacteriota,Actinobacteria,Frankiales,uncultured,uncultured_ge
Taxon50,Actinobacteriota,Actinobacteria,Micrococcales,Beutenbergiaceae,Salana
Taxon51,Actinobacteriota,Actinobacteria,Micrococcales,Beutenbergiaceae,Serinibacter
Taxon52,Actinobacteriota,Actinobacteria,Micrococcales,Cellulomonadaceae,Cellulomonas
Taxon53,Actinobacteriota,Actinobacteria,Micrococcales,Cellulomonadaceae,Pseudactinotalea
Taxon54,Actinobacteriota,Actinobacteria,Micrococcales,Cellulomonadaceae,Sediminihabitans
Taxon55,Actinobacteriota,Actinobacteria,Micrococcales,Dermacoccaceae,Flexivirga
Taxon56,Actinobacteriota,Actinobacteria,Micrococcales,Microbacteriaceae,Agreia
Taxon57,Actinobacteriota,Actinobacteria,Micrococcales,Microbacteriaceae,Agromyces
Taxon58,Actinobacteriota,Actinobacteria,Micrococcales,Microbacteriaceae,Diaminobutyricimonas
Taxon59,Actinobacteriota,Actinobacteria,Micrococcales,Microbacteriaceae,Gryllotalpicola
Taxon60,Actinobacteriota,Actinobacteria,Micrococcales,Microbacteriaceae,Humibacter
Taxon61,Actinobacteriota,Actinobacteria,Micrococcales,Microbacteriaceae,Lysinimonas
Taxon62,Actinobacteriota,Actinobacteria,Micrococcales,Microbacteriaceae,Microbacterium
Taxon63,Actinobacteriota,Actinobacteria,Micrococcales,Microbacteriaceae,uncultured
Taxon64,Actinobacteriota,Actinobacteria,Micrococcales,Micrococcaceae,Citricoccus
Taxon65,Actinobacteriota,Actinobacteria,Micrococcales,Micrococcaceae,Micrococcus
Taxon66,Actinobacteriota,Actinobacteria,Micrococcales,Micrococcaceae,Rothia
Taxon67,Actinobacteriota,Actinobacteria,Micromonosporales,Micromonosporaceae,Actinocatenispora
Taxon68,Actinobacteriota,Actinobacteria,Micromonosporales,Micromonosporaceae,Dactylosporangium
Taxon69,Actinobacteriota,Actinobacteria,Micromonosporales,Micromonosporaceae,Luedemannella
Taxon70,Actinobacteriota,Actinobacteria,Micromonosporales,Micromonosporaceae,Micromonosporaceae_ge
Taxon71,Actinobacteriota,Actinobacteria,Micromonosporales,Micromonosporaceae,Pilimelia
Taxon72,Actinobacteriota,Actinobacteria,Micromonosporales,Micromonosporaceae,Salinispora
Taxon73,Actinobacteriota,Actinobacteria,Micromonosporales,Micromonosporaceae,uncultured
Taxon74,Actinobacteriota,Actinobacteria,Propionibacteriales,Nocardioidaceae,Marmoricola
Taxon75,Actinobacteriota,Actinobacteria,Propionibacteriales,Nocardioidaceae,Nocardioides
Taxon76,Actinobacteriota,Actinobacteria,Propionibacteriales,Propionibacteriaceae,Aestuariimicrobium
Taxon77,Actinobacteriota,Actinobacteria,Propionibacteriales,Propionibacteriaceae,Brooklawnia
Taxon78,Actinobacteriota,Actinobacteria,Propionibacteriales,Propionibacteriaceae,Jiangella
Taxon79,Actinobacteriota,Actinobacteria,Propionibacteriales,Propionibacteriaceae,Microlunatus
Taxon80,Actinobacteriota,Actinobacteria,Propionibacteriales,Propionibacteriaceae,Propionicicella
Taxon81,Actinobacteriota,Actinobacteria,Propionibacteriales,Propionibacteriaceae,Propionicimonas
Taxon82,Actinobacteriota,Actinobacteria,Propionibacteriales,Propionibacteriaceae,Tessaracoccus
Taxon83,Actinobacteriota,Actinobacteria,Propionibacteriales,Propionibacteriaceae,uncultured
Taxon84,Actinobacteriota,Actinobacteria,Pseudonocardiales,Pseudonocardiaceae,Actinomycetospora
Taxon85,Actinobacteriota,Actinobacteria,Pseudonocardiales,Pseudonocardiaceae,Amycolatopsis
Taxon86,Actinobacteriota,Actinobacteria,Pseudonocardiales,Pseudonocardiaceae,Pseudonocardia
Taxon87,Actinobacteriota,Actinobacteria,Pseudonocardiales,Pseudonocardiaceae,Saccharopolyspora
Taxon88,Actinobacteriota,Actinobacteria,Streptomycetales,Streptomycetaceae,Allostreptomyces
Taxon89,Actinobacteriota,Actinobacteria,Streptomycetales,Streptomycetaceae,Streptacidiphilus
Taxon90,Actinobacteriota,Actinobacteria,Streptomycetales,Streptomycetaceae,Streptomyces
Taxon91,Actinobacteriota,Actinobacteria,Streptomycetales,Streptomycetaceae,Streptomycetaceae_ge
Taxon92,Actinobacteriota,Actinobacteria,Streptosporangiales,Streptosporangiaceae,Microbispora
Taxon93,Actinobacteriota,Actinobacteria,Streptosporangiales,Streptosporangiaceae,Nonomuraea
Taxon94,Actinobacteriota,Actinobacteria,Streptosporangiales,Thermomonosporaceae,Actinoallomurus
Taxon95,Actinobacteriota,Actinobacteria,Streptosporangiales,Thermomonosporaceae,Actinomadura
Taxon96,Actinobacteriota,Actinobacteria,Streptosporangiales,Thermomonosporaceae,Spirillospora
Taxon97,Actinobacteriota,Coriobacteriia,Coriobacteriales,Coriobacteriales_Incertae_Sedis,Raoultibacter
Taxon98,Actinobacteriota,Coriobacteriia,Coriobacteriales,Coriobacteriales_Incertae_Sedis,uncultured
Taxon99,Actinobacteriota,Coriobacteriia,Coriobacteriales,Eggerthellaceae,Enteroscipio
Taxon100,Actinobacteriota,Coriobacteriia,OPB41,OPB41_fa,OPB41_ge
Taxon101,Actinobacteriota,MB-A2-108,MB-A2-108_or,MB-A2-108_fa,MB-A2-108_ge
Taxon102,Actinobacteriota,Thermoleophilia,Gaiellales,Gaiellaceae,Gaiella
Taxon103,Actinobacteriota,Thermoleophilia,Gaiellales,uncultured,uncultured_ge
Taxon104,Actinobacteriota,Thermoleophilia,Solirubrobacterales,67-14,67-14_ge
Taxon105,Actinobacteriota,Thermoleophilia,Solirubrobacterales,Solirubrobacteraceae,Conexibacter
Taxon106,Actinobacteriota,Thermoleophilia,Solirubrobacterales,Solirubrobacteraceae,Patulibacter
Taxon107,Actinobacteriota,Thermoleophilia,Solirubrobacterales,Solirubrobacteraceae,Solirubrobacter
Taxon108,Actinobacteriota,Thermoleophilia,Solirubrobacterales,Solirubrobacteraceae,Solirubrobacteraceae_ge
Taxon109,Actinobacteriota,Thermoleophilia,Solirubrobacterales,Solirubrobacteraceae,uncultured
Taxon110,Armatimonadota,Armatimonadia,Armatimonadales,Armatimonadales_fa,Armatimonadales_ge
Taxon111,Armatimonadota,Fimbriimonadia,Fimbriimonadales,Fimbriimonadaceae,Fimbriimonadaceae_ge
Taxon112,Armatimonadota,Fimbriimonadia,Fimbriimonadales,Fimbriimonadaceae,Fimbriimonas
Taxon113,Armatimonadota,uncultured,uncultured_or,uncultured_fa,uncultured_ge
Taxon114,Bacteroidota,Bacteroidia,Bacteroidales,3M1PL1-52_termite_group,3M1PL1-52_termite_group_ge
Taxon115,Bacteroidota,Bacteroidia,Bacteroidales,Bacteroidaceae,Bacteroides
Taxon116,Bacteroidota,Bacteroidia,Bacteroidales,Bacteroidetes_vadinHA17,Bacteroidetes_vadinHA17_ge
Taxon117,Bacteroidota,Bacteroidia,Bacteroidales,COB_P4-1_termite_group,COB_P4-1_termite_group_ge
Taxon118,Bacteroidota,Bacteroidia,Bacteroidales,CR-115,CR-115_ge
Taxon119,Bacteroidota,Bacteroidia,Bacteroidales,Dysgonomonadaceae,Candidatus_Armantifilum
Taxon120,Bacteroidota,Bacteroidia,Bacteroidales,Dysgonomonadaceae,Candidatus_Azobacteroides
Taxon121,Bacteroidota,Bacteroidia,Bacteroidales,Dysgonomonadaceae,Candidatus_Symbiothrix
Taxon122,Bacteroidota,Bacteroidia,Bacteroidales,Dysgonomonadaceae,Dysgonomonadaceae_ge
Taxon123,Bacteroidota,Bacteroidia,Bacteroidales,Dysgonomonadaceae,Dysgonomonas
Taxon124,Bacteroidota,Bacteroidia,Bacteroidales,Dysgonomonadaceae,uncultured
Taxon125,Bacteroidota,Bacteroidia,Bacteroidales,M2PB4-65_termite_group,M2PB4-65_termite_group_ge
Taxon126,Bacteroidota,Bacteroidia,Bacteroidales,Marinifilaceae,Sanguibacteroides
Taxon127,Bacteroidota,Bacteroidia,Bacteroidales,Marinilabiliaceae,Ruminofilibacter
Taxon128,Bacteroidota,Bacteroidia,Bacteroidales,Marinilabiliaceae,uncultured
Taxon129,Bacteroidota,Bacteroidia,Bacteroidales,MgMjR-022,MgMjR-022_ge
Taxon130,Bacteroidota,Bacteroidia,Bacteroidales,Paludibacteraceae,F0058
Taxon131,Bacteroidota,Bacteroidia,Bacteroidales,Paludibacteraceae,H1
Taxon132,Bacteroidota,Bacteroidia,Bacteroidales,Paludibacteraceae,Paludibacter
Taxon133,Bacteroidota,Bacteroidia,Bacteroidales,Paludibacteraceae,uncultured
Taxon134,Bacteroidota,Bacteroidia,Bacteroidales,PeH15,PeH15_ge
Taxon135,Bacteroidota,Bacteroidia,Bacteroidales,Porphyromonadaceae,Porphyromonadaceae_ge
Taxon136,Bacteroidota,Bacteroidia,Bacteroidales,Prevotellaceae,Alloprevotella
Taxon137,Bacteroidota,Bacteroidia,Bacteroidales,Prevotellaceae,Prevotellaceae_ge
Taxon138,Bacteroidota,Bacteroidia,Bacteroidales,Prolixibacteraceae,Mangrovibacterium
Taxon139,Bacteroidota,Bacteroidia,Bacteroidales,Prolixibacteraceae,Prolixibacteraceae_ge
Taxon140,Bacteroidota,Bacteroidia,Bacteroidales,Prolixibacteraceae,uncultured
Taxon141,Bacteroidota,Bacteroidia,Bacteroidales,Rikenellaceae,Alistipes
Taxon142,Bacteroidota,Bacteroidia,Bacteroidales,Rikenellaceae,Bact-08
Taxon143,Bacteroidota,Bacteroidia,Bacteroidales,Rikenellaceae,Mucinivorans
Taxon144,Bacteroidota,Bacteroidia,Bacteroidales,Rikenellaceae,Rikenellaceae_RC9_gut_group
Taxon145,Bacteroidota,Bacteroidia,Bacteroidales,Rikenellaceae,Rikenellaceae_ge
Taxon146,Bacteroidota,Bacteroidia,Bacteroidales,Rikenellaceae,S50_wastewater-sludge_group
Taxon147,Bacteroidota,Bacteroidia,Bacteroidales,Rikenellaceae,hoa5-07d05_gut_group
Taxon148,Bacteroidota,Bacteroidia,Bacteroidales,Rs-E47_termite_group,Rs-E47_termite_group_ge
Taxon149,Bacteroidota,Bacteroidia,Bacteroidales,Tannerellaceae,Candidatus_Vestibaculum
Taxon150,Bacteroidota,Bacteroidia,Bacteroidales,Tannerellaceae,Parabacteroides
Taxon151,Bacteroidota,Bacteroidia,Bacteroidales,Tannerellaceae,Tannerella
Taxon152,Bacteroidota,Bacteroidia,Bacteroidales,Tannerellaceae,Tannerellaceae_ge
Taxon153,Bacteroidota,Bacteroidia,Bacteroidales,Tannerellaceae,uncultured
Taxon154,Bacteroidota,Bacteroidia,Bacteroidales,Williamwhitmaniaceae,BCf9-17_termite_group
Taxon155,Bacteroidota,Bacteroidia,Bacteroidales,Williamwhitmaniaceae,Rs-D38_termite_group
Taxon156,Bacteroidota,Bacteroidia,Bacteroidales,Williamwhitmaniaceae,uncultured
Taxon157,Bacteroidota,Bacteroidia,Bacteroidales,p-2534-18B5_gut_group,p-2534-18B5_gut_group_ge
Taxon158,Bacteroidota,Bacteroidia,Bacteroidales,vadinHA21,vadinHA21_ge
Taxon159,Bacteroidota,Bacteroidia,Chitinophagales,37-13,37-13_ge
Taxon160,Bacteroidota,Bacteroidia,Chitinophagales,Chitinophagaceae,Arachidicoccus
Taxon161,Bacteroidota,Bacteroidia,Chitinophagales,Chitinophagaceae,Chitinophaga
Taxon162,Bacteroidota,Bacteroidia,Chitinophagales,Chitinophagaceae,Ferruginibacter
Taxon163,Bacteroidota,Bacteroidia,Chitinophagales,Chitinophagaceae,Filimonas
Taxon164,Bacteroidota,Bacteroidia,Chitinophagales,Chitinophagaceae,Pseudoflavitalea
Taxon165,Bacteroidota,Bacteroidia,Chitinophagales,Chitinophagaceae,Puia
Taxon166,Bacteroidota,Bacteroidia,Chitinophagales,Chitinophagaceae,Sediminibacterium
Taxon167,Bacteroidota,Bacteroidia,Chitinophagales,Chitinophagaceae,Taibaiella
Taxon168,Bacteroidota,Bacteroidia,Chitinophagales,Chitinophagaceae,Terrimonas
Taxon169,Bacteroidota,Bacteroidia,Cytophagales,Microscillaceae,uncultured
Taxon170,Bacteroidota,Bacteroidia,Flavobacteriales,Flavobacteriaceae,Flavobacterium
Taxon171,Bacteroidota,Bacteroidia,Flavobacteriales,Weeksellaceae,Apibacter
Taxon172,Bacteroidota,Bacteroidia,Flavobacteriales,Weeksellaceae,Elizabethkingia
Taxon173,Bacteroidota,Bacteroidia,Sphingobacteriales,Sphingobacteriaceae,Anseongella
Taxon174,Bacteroidota,Bacteroidia,Sphingobacteriales,Sphingobacteriaceae,Mucilaginibacter
Taxon175,Bacteroidota,Bacteroidia,Sphingobacteriales,Sphingobacteriaceae,Olivibacter
Taxon176,Bacteroidota,Bacteroidia,Sphingobacteriales,Sphingobacteriaceae,Sphingobacterium
Taxon177,Bacteroidota,Bacteroidia,Sphingobacteriales,env.OPS_17,env.OPS_17_ge
Taxon178,Bacteroidota,Kapabacteria,Kapabacteriales,Kapabacteriales_fa,Kapabacteriales_ge
Taxon179,Bdellovibrionota,Bdellovibrionia,Bacteriovoracales,Bacteriovoracaceae,Peredibacter
Taxon180,Bdellovibrionota,Bdellovibrionia,Bdellovibrionales,Bdellovibrionaceae,Bdellovibrio
Taxon181,Bdellovibrionota,Oligoflexia,0319-6G20,0319-6G20_fa,0319-6G20_ge
Taxon182,Bdellovibrionota,Oligoflexia,Oligoflexales,uncultured,uncultured_ge
Taxon183,Bdellovibrionota,Oligoflexia,Silvanigrellales,Silvanigrellaceae,Silvanigrella
Taxon184,Campilobacterota,Campylobacteria,Campylobacterales,Rs-M59_termite_group,Rs-M59_termite_group_ge
Taxon185,Chloroflexi,AD3,AD3_or,AD3_fa,AD3_ge
Taxon186,Chloroflexi,Anaerolineae,Anaerolineales,Anaerolineaceae,Flexilinea
Taxon187,Chloroflexi,Anaerolineae,Caldilineales,Caldilineaceae,uncultured
Taxon188,Chloroflexi,Anaerolineae,RBG-13-54-9,RBG-13-54-9_fa,RBG-13-54-9_ge
Taxon189,Chloroflexi,Chloroflexia,Thermomicrobiales,JG30-KF-CM45,JG30-KF-CM45_ge
Taxon190,Chloroflexi,Chloroflexia,Thermomicrobiales,Thermomicrobiaceae,Sphaerobacter
Taxon191,Chloroflexi,Dehalococcoidia,vadinBA26,vadinBA26_fa,vadinBA26_ge
Taxon192,Chloroflexi,Ktedonobacteria,Ktedonobacterales,Ktedonobacteraceae,HSB_OF53-F07
Taxon193,Chloroflexi,Ktedonobacteria,Ktedonobacterales,Ktedonobacteraceae,uncultured
Taxon194,Chloroflexi,OLB14,OLB14_or,OLB14_fa,OLB14_ge
Taxon195,Cyanobacteria,Cyanobacteriia,Cyanobacteriales,Chroococcidiopsaceae,Chroococcidiopsis_SAG_2023
Taxon196,Cyanobacteria,Cyanobacteriia,Oxyphotobacteria_Incertae_Sedis,Unknown_Family,CENA359
Taxon197,Cyanobacteria,Sericytochromatia,Sericytochromatia_or,Sericytochromatia_fa,Sericytochromatia_ge
Taxon198,Cyanobacteria,Vampirivibrionia,Gastranaerophilales,Gastranaerophilales_fa,Gastranaerophilales_ge
Taxon199,Cyanobacteria,Vampirivibrionia,Obscuribacterales,Obscuribacteraceae,Obscuribacteraceae_ge
Taxon200,Cyanobacteria,Vampirivibrionia,Vampirovibrionales,Vampirovibrionaceae,Vampirovibrio
Taxon201,Deferribacterota,Deferribacteres,Deferribacterales,Deferribacteraceae,Mucispirillum
Taxon202,Dependentiae,Babeliae,Babeliales,Babeliaceae,Candidatus_Babela
Taxon203,Dependentiae,Babeliae,Babeliales,UBA12409,UBA12409_ge
Taxon204,Dependentiae,Babeliae,Babeliales,Vermiphilaceae,Vermiphilaceae_ge
Taxon205,Desulfobacterota,Desulfarculia,Desulfarculales,Desulfarculaceae,uncultured
Taxon206,Desulfobacterota,Desulfobulbia,Desulfobulbales,Desulfobulbaceae,Desulfobulbus
Taxon207,Desulfobacterota,Desulfomonilia,Desulfomonilales,Desulfomonilaceae,Desulfomonile
Taxon208,Desulfobacterota,Desulfovibrionia,Desulfovibrionales,Desulfovibrionaceae,Bilophila
Taxon209,Desulfobacterota,Desulfovibrionia,Desulfovibrionales,Desulfovibrionaceae,Desulfovibrio
Taxon210,Desulfobacterota,Desulfovibrionia,Desulfovibrionales,Desulfovibrionaceae,Mailhella
Taxon211,Desulfobacterota,Desulfovibrionia,Desulfovibrionales,Desulfovibrionaceae,uncultured
Taxon212,Desulfobacterota,Desulfuromonadia,Bradymonadales,Bradymonadales_fa,Bradymonadales_ge
Taxon213,Desulfobacterota,Desulfuromonadia,Geobacterales,Pseudopelobacteraceae,Pseudopelobacter
Taxon214,Desulfobacterota,Syntrophia,Syntrophales,Syntrophaceae,Syntrophus
Taxon215,Desulfobacterota,uncultured,uncultured_or,uncultured_fa,uncultured_ge
Taxon216,Elusimicrobiota,Elusimicrobia,Elusimicrobiales,Elusimicrobiaceae,Elusimicrobium
Taxon217,Elusimicrobiota,Elusimicrobia,Lineage_IV,Lineage_IV_fa,Lineage_IV_ge
Taxon218,Elusimicrobiota,Endomicrobia,Endomicrobiales,Endomicrobiaceae,Endomicrobium
Taxon219,Elusimicrobiota,Rs-M47,Rs-M47_or,Rs-M47_fa,Rs-M47_ge
Taxon220,Fibrobacterota,Fibrobacteria,Fibrobacterales,Fibrobacteraceae,possible_genus_05
Taxon221,Firmicutes,Bacilli,Acholeplasmatales,Acholeplasmataceae,Acholeplasma
Taxon222,Firmicutes,Bacilli,Acholeplasmatales,Acholeplasmataceae,DMI
Taxon223,Firmicutes,Bacilli,Acholeplasmatales,Acholeplasmataceae,EMP-G18
Taxon224,Firmicutes,Bacilli,Acholeplasmatales,Acholeplasmataceae,T2WK15B57
Taxon225,Firmicutes,Bacilli,Alicyclobacillales,Alicyclobacillaceae,Alicyclobacillus
Taxon226,Firmicutes,Bacilli,Alicyclobacillales,Alicyclobacillaceae,Tumebacillus
Taxon227,Firmicutes,Bacilli,Bacillales,Bacillaceae,Aeribacillus
Taxon228,Firmicutes,Bacilli,Bacillales,Bacillaceae,Amphibacillus
Taxon229,Firmicutes,Bacilli,Bacillales,Bacillaceae,Bacillus
Taxon230,Firmicutes,Bacilli,Bacillales,Bacillaceae,Geobacillus
Taxon231,Firmicutes,Bacilli,Bacillales,Bacillaceae,Oceanobacillus
Taxon232,Firmicutes,Bacilli,Bacillales,Bacillaceae,Virgibacillus
Taxon233,Firmicutes,Bacilli,Bacillales,Bacillaceae,uncultured
Taxon234,Firmicutes,Bacilli,Bacillales,Planococcaceae,Caryophanon
Taxon235,Firmicutes,Bacilli,Bacillales,Planococcaceae,Domibacillus
Taxon236,Firmicutes,Bacilli,Bacillales,Planococcaceae,Lysinibacillus
Taxon237,Firmicutes,Bacilli,Bacillales,Planococcaceae,Planomicrobium
Taxon238,Firmicutes,Bacilli,Bacillales,Planococcaceae,Psychrobacillus
Taxon239,Firmicutes,Bacilli,Bacillales,Sporolactobacillaceae,Sporolactobacillus
Taxon240,Firmicutes,Bacilli,Brevibacillales,Brevibacillaceae,Brevibacillus
Taxon241,Firmicutes,Bacilli,Entomoplasmatales,Spiroplasmataceae,Spiroplasma
Taxon242,Firmicutes,Bacilli,Erysipelotrichales,Erysipelatoclostridiaceae,Erysipelatoclostridium
Taxon243,Firmicutes,Bacilli,Erysipelotrichales,Erysipelatoclostridiaceae,UCG-004
Taxon244,Firmicutes,Bacilli,Erysipelotrichales,Erysipelotrichaceae,Breznakia
Taxon245,Firmicutes,Bacilli,Erysipelotrichales,Erysipelotrichaceae,Holdemania
Taxon246,Firmicutes,Bacilli,Erysipelotrichales,Erysipelotrichaceae,Turicibacter
Taxon247,Firmicutes,Bacilli,Erysipelotrichales,uncultured,uncultured_ge
Taxon248,Firmicutes,Bacilli,Izemoplasmatales,Izemoplasmatales_fa,Izemoplasmatales_ge
Taxon249,Firmicutes,Bacilli,Lactobacillales,Carnobacteriaceae,Isobaculum
Taxon250,Firmicutes,Bacilli,Lactobacillales,Enterococcaceae,Enterococcus
Taxon251,Firmicutes,Bacilli,Lactobacillales,Lactobacillaceae,Lactobacillus
Taxon252,Firmicutes,Bacilli,Lactobacillales,Lactobacillales_fa,Lactobacillales_ge
Taxon253,Firmicutes,Bacilli,Lactobacillales,Leuconostocaceae,Fructobacillus
Taxon254,Firmicutes,Bacilli,Lactobacillales,Leuconostocaceae,Leuconostoc
Taxon255,Firmicutes,Bacilli,Lactobacillales,Leuconostocaceae,Weissella
Taxon256,Firmicutes,Bacilli,Lactobacillales,Streptococcaceae,Floricoccus
Taxon257,Firmicutes,Bacilli,Lactobacillales,Streptococcaceae,Lactococcus
Taxon258,Firmicutes,Bacilli,Lactobacillales,Streptococcaceae,Streptococcus
Taxon259,Firmicutes,Bacilli,Lactobacillales,uncultured,uncultured_ge
Taxon260,Firmicutes,Bacilli,Mycoplasmatales,Mycoplasmataceae,Mycoplasma
Taxon261,Firmicutes,Bacilli,Paenibacillales,Paenibacillaceae,Ammoniibacillus
Taxon262,Firmicutes,Bacilli,Paenibacillales,Paenibacillaceae,Ammoniphilus
Taxon263,Firmicutes,Bacilli,Paenibacillales,Paenibacillaceae,Cohnella
Taxon264,Firmicutes,Bacilli,Paenibacillales,Paenibacillaceae,Fontibacillus
Taxon265,Firmicutes,Bacilli,Paenibacillales,Paenibacillaceae,Paenibacillaceae_ge
Taxon266,Firmicutes,Bacilli,Paenibacillales,Paenibacillaceae,Paenibacillus
Taxon267,Firmicutes,Bacilli,Paenibacillales,Paenibacillaceae,Thermobacillus
Taxon268,Firmicutes,Bacilli,Paenibacillales,Paenibacillaceae,Xylanibacillus
Taxon269,Firmicutes,Bacilli,RF39,RF39_fa,RF39_ge
Taxon270,Firmicutes,Bacilli,RsaHf231,RsaHf231_fa,RsaHf231_ge
Taxon271,Firmicutes,Bacilli,Staphylococcales,Staphylococcaceae,Auricoccus-Abyssicoccus
Taxon272,Firmicutes,Bacilli,Staphylococcales,Staphylococcaceae,Staphylococcus
Taxon273,Firmicutes,Bacilli,Thermoactinomycetales,Thermoactinomycetaceae,Novibacillus
Taxon274,Firmicutes,Bacilli,Thermoactinomycetales,Thermoactinomycetaceae,Pasteuria
Taxon275,Firmicutes,Bacilli,Thermoactinomycetales,Thermoactinomycetaceae,Planifilum
Taxon276,Firmicutes,Bacilli,Thermoactinomycetales,Thermoactinomycetaceae,Thermoactinomyces
Taxon277,Firmicutes,Bacilli,Thermoactinomycetales,Thermoactinomycetaceae,uncultured
Taxon278,Firmicutes,Bacilli,uncultured,uncultured_fa,uncultured_ge
Taxon279,Firmicutes,Clostridia,Caldicoprobacterales,Caldicoprobacteraceae,Caldicoprobacter
Taxon280,Firmicutes,Clostridia,Christensenellales,Christensenellaceae,Christensenella
Taxon281,Firmicutes,Clostridia,Christensenellales,Christensenellaceae,Christensenellaceae_R-7_group
Taxon282,Firmicutes,Clostridia,Christensenellales,Christensenellaceae,Christensenellaceae_ge
Taxon283,Firmicutes,Clostridia,Christensenellales,Christensenellaceae,uncultured
Taxon284,Firmicutes,Clostridia,Clostridia_UCG-014,Clostridia_UCG-014_fa,Clostridia_UCG-014_ge
Taxon285,Firmicutes,Clostridia,Clostridia_or,Hungateiclostridiaceae,Cellulosibacter
Taxon286,Firmicutes,Clostridia,Clostridia_or,Hungateiclostridiaceae,Ercella
Taxon287,Firmicutes,Clostridia,Clostridia_or,Hungateiclostridiaceae,Hungateiclostridiaceae_ge
Taxon288,Firmicutes,Clostridia,Clostridia_or,Hungateiclostridiaceae,Mageibacillus
Taxon289,Firmicutes,Clostridia,Clostridia_or,Hungateiclostridiaceae,Ruminiclostridium
Taxon290,Firmicutes,Clostridia,Clostridia_or,Hungateiclostridiaceae,uncultured
Taxon291,Firmicutes,Clostridia,Clostridia_vadinBB60_group,Clostridia_vadinBB60_group_fa,Clostridia_vadinBB60_group_ge
Taxon292,Firmicutes,Clostridia,Clostridiales,Caloramatoraceae,Clostridium
Taxon293,Firmicutes,Clostridia,Clostridiales,Clostridiaceae,Clostridium_sensu_stricto_1
Taxon294,Firmicutes,Clostridia,Clostridiales,Clostridiaceae,Clostridium_sensu_stricto_10
Taxon295,Firmicutes,Clostridia,Clostridiales,Clostridiaceae,Clostridium_sensu_stricto_12
Taxon296,Firmicutes,Clostridia,Clostridiales,Clostridiaceae,Clostridium_sensu_stricto_13
Taxon297,Firmicutes,Clostridia,Clostridiales,Clostridiaceae,Clostridium_sensu_stricto_19
Taxon298,Firmicutes,Clostridia,Clostridiales,Clostridiaceae,Clostridium_sensu_stricto_6
Taxon299,Firmicutes,Clostridia,Clostridiales,Clostridiaceae,Clostridium_sensu_stricto_7
Taxon300,Firmicutes,Clostridia,Eubacteriales,Anaerofustaceae,Anaerofustis
Taxon301,Firmicutes,Clostridia,Eubacteriales,Eubacteriaceae,Acetobacterium
Taxon302,Firmicutes,Clostridia,Eubacteriales,Eubacteriaceae,Eubacterium
Taxon303,Firmicutes,Clostridia,Eubacteriales,Eubacteriales_fa,Alkalibaculum
Taxon304,Firmicutes,Clostridia,Lachnospirales,Lachnospiraceae,28-4
Taxon305,Firmicutes,Clostridia,Lachnospirales,Lachnospiraceae,Anaerocolumna
Taxon306,Firmicutes,Clostridia,Lachnospirales,Lachnospiraceae,Anaerosporobacter
Taxon307,Firmicutes,Clostridia,Lachnospirales,Lachnospiraceae,CHKCI001
Taxon308,Firmicutes,Clostridia,Lachnospirales,Lachnospiraceae,Catenibacillus
Taxon309,Firmicutes,Clostridia,Lachnospirales,Lachnospiraceae,Dorea
Taxon310,Firmicutes,Clostridia,Lachnospirales,Lachnospiraceae,GCA-900066575
Taxon311,Firmicutes,Clostridia,Lachnospirales,Lachnospiraceae,Hespellia
Taxon312,Firmicutes,Clostridia,Lachnospirales,Lachnospiraceae,Lachnoclostridium
Taxon313,Firmicutes,Clostridia,Lachnospirales,Lachnospiraceae,Lachnospiraceae_UCG-003
Taxon314,Firmicutes,Clostridia,Lachnospirales,Lachnospiraceae,Lachnospiraceae_UCG-010
Taxon315,Firmicutes,Clostridia,Lachnospirales,Lachnospiraceae,Lactonifactor
Taxon316,Firmicutes,Clostridia,Lachnospirales,Lachnospiraceae,Mobilitalea
Taxon317,Firmicutes,Clostridia,Lachnospirales,Lachnospiraceae,Robinsoniella
Taxon318,Firmicutes,Clostridia,Lachnospirales,Lachnospiraceae,Tuzzerella
Taxon319,Firmicutes,Clostridia,Lachnospirales,Lachnospiraceae,Tyzzerella
Taxon320,Firmicutes,Clostridia,Lachnospirales,Lachnospiraceae,uncultured
Taxon321,Firmicutes,Clostridia,Monoglobales,Monoglobaceae,Monoglobus
Taxon322,Firmicutes,Clostridia,Oscillospirales,Butyricicoccaceae,UCG-008
Taxon323,Firmicutes,Clostridia,Oscillospirales,Butyricicoccaceae,UCG-009
Taxon324,Firmicutes,Clostridia,Oscillospirales,Butyricicoccaceae,uncultured
Taxon325,Firmicutes,Clostridia,Oscillospirales,Ethanoligenenaceae,Acetanaerobacterium
Taxon326,Firmicutes,Clostridia,Oscillospirales,Ethanoligenenaceae,Ethanoligenenaceae_ge
Taxon327,Firmicutes,Clostridia,Oscillospirales,Ethanoligenenaceae,Ethanoligenens
Taxon328,Firmicutes,Clostridia,Oscillospirales,Ethanoligenenaceae,Incertae_Sedis
Taxon329,Firmicutes,Clostridia,Oscillospirales,Oscillospiraceae,Intestinimonas
Taxon330,Firmicutes,Clostridia,Oscillospirales,Oscillospiraceae,NK4A214_group
Taxon331,Firmicutes,Clostridia,Oscillospirales,Oscillospiraceae,Oscillospiraceae_ge
Taxon332,Firmicutes,Clostridia,Oscillospirales,Oscillospiraceae,Papillibacter
Taxon333,Firmicutes,Clostridia,Oscillospirales,Oscillospiraceae,Pseudoflavonifractor
Taxon334,Firmicutes,Clostridia,Oscillospirales,Oscillospiraceae,Sporobacter
Taxon335,Firmicutes,Clostridia,Oscillospirales,Oscillospiraceae,UCG-007
Taxon336,Firmicutes,Clostridia,Oscillospirales,Oscillospiraceae,V9D2013_group
Taxon337,Firmicutes,Clostridia,Oscillospirales,Oscillospiraceae,uncultured
Taxon338,Firmicutes,Clostridia,Oscillospirales,Oscillospirales_fa,Hydrogenoanaerobacterium
Taxon339,Firmicutes,Clostridia,Oscillospirales,Oscillospirales_fa,Oscillospirales_ge
Taxon340,Firmicutes,Clostridia,Oscillospirales,Ruminococcaceae,Anaerofilum
Taxon341,Firmicutes,Clostridia,Oscillospirales,Ruminococcaceae,Candidatus_Soleaferrea
Taxon342,Firmicutes,Clostridia,Oscillospirales,Ruminococcaceae,Caproiciproducens
Taxon343,Firmicutes,Clostridia,Oscillospirales,Ruminococcaceae,Harryflintia
Taxon344,Firmicutes,Clostridia,Oscillospirales,Ruminococcaceae,Incertae_Sedis
Taxon345,Firmicutes,Clostridia,Oscillospirales,Ruminococcaceae,Paludicola
Taxon346,Firmicutes,Clostridia,Oscillospirales,Ruminococcaceae,Phocea
Taxon347,Firmicutes,Clostridia,Oscillospirales,Ruminococcaceae,Pygmaiobacter
Taxon348,Firmicutes,Clostridia,Oscillospirales,Ruminococcaceae,Ruminococcaceae_ge
Taxon349,Firmicutes,Clostridia,Oscillospirales,Ruminococcaceae,Ruminococcus
Taxon350,Firmicutes,Clostridia,Oscillospirales,Ruminococcaceae,UBA1819
Taxon351,Firmicutes,Clostridia,Oscillospirales,Ruminococcaceae,uncultured
Taxon352,Firmicutes,Clostridia,Oscillospirales,UCG-010,UCG-010_ge
Taxon353,Firmicutes,Clostridia,Oscillospirales,UCG-011,UCG-011_ge
Taxon354,Firmicutes,Clostridia,Oscillospirales,uncultured,uncultured_ge
Taxon355,Firmicutes,Clostridia,Peptococcales,Peptococcaceae,uncultured
Taxon356,Firmicutes,Clostridia,Peptostreptococcales-Tissierellales,Anaerovoracaceae,Anaerovoracaceae_ge
Taxon357,Firmicutes,Clostridia,Peptostreptococcales-Tissierellales,Anaerovoracaceae,Anaerovorax
Taxon358,Firmicutes,Clostridia,Peptostreptococcales-Tissierellales,Anaerovoracaceae,S5-A14a
Taxon359,Firmicutes,Clostridia,Peptostreptococcales-Tissierellales,Anaerovoracaceae,uncultured
Taxon360,Firmicutes,Clostridia,Peptostreptococcales-Tissierellales,Peptostreptococcaceae,Paraclostridium
Taxon361,Firmicutes,Clostridia,Peptostreptococcales-Tissierellales,Peptostreptococcales-Tissierellales_fa,Anaerococcus
Taxon362,Firmicutes,Clostridia,Peptostreptococcales-Tissierellales,Peptostreptococcales-Tissierellales_fa,Gottschalkia
Taxon363,Firmicutes,Clostridia,Peptostreptococcales-Tissierellales,Peptostreptococcales-Tissierellales_fa,Tissierella
Taxon364,Firmicutes,Clostridia,uncultured,uncultured_fa,uncultured_ge
Taxon365,Firmicutes,Desulfitobacteriia,Desulfitobacteriales,Desulfitobacteriaceae,Desulfosporosinus
Taxon366,Firmicutes,Desulfitobacteriia,Desulfitobacteriales,Desulfitobacteriales_fa,TC1
Taxon367,Firmicutes,Desulfitobacteriia,Desulfitobacteriales,Syntrophobotulaceae,Syntrophobotulus
Taxon368,Firmicutes,Desulfotomaculia,Desulfotomaculales,Desulfallas-Sporotomaculum,Desulfallas-Sporotomaculum_ge
Taxon369,Firmicutes,Dethiobacteria,Dethiobacterales,Dethiobacteraceae,Dethiobacter
Taxon370,Firmicutes,Limnochordia,Limnochordales,Limnochordaceae,Limnochorda
Taxon371,Firmicutes,Limnochordia,Limnochordales,Limnochordaceae,Limnochordaceae_ge
Taxon372,Firmicutes,Limnochordia,MBA03,MBA03_fa,MBA03_ge
Taxon373,Firmicutes,Negativicutes,Acidaminococcales,Acidaminococcaceae,uncultured
Taxon374,Firmicutes,Negativicutes,Veillonellales-Selenomonadales,Sporomusaceae,Sporomusa
Taxon375,Firmicutes,Negativicutes,Veillonellales-Selenomonadales,Sporomusaceae,Sporomusaceae_ge
Taxon376,Firmicutes,Negativicutes,Veillonellales-Selenomonadales,Sporomusaceae,uncultured
Taxon377,Firmicutes,Negativicutes,Veillonellales-Selenomonadales,uncultured,uncultured_ge
Taxon378,Firmicutes,Sulfobacillia,Sulfobacillales,Sulfobacillaceae,Sulfobacillus
Taxon379,Firmicutes,Symbiobacteriia,Symbiobacteriales,Symbiobacteraceae,Symbiobacterium
Taxon380,Firmicutes,Syntrophomonadia,Syntrophomonadales,Syntrophomonadaceae,Pelospora
Taxon381,Firmicutes,Syntrophomonadia,Syntrophomonadales,Syntrophomonadaceae,Syntrophomonas
Taxon382,Firmicutes,Syntrophomonadia,Syntrophomonadales,Syntrophomonadaceae,Thermosyntropha
Taxon383,Firmicutes,Thermaerobacteria,Thermaerobacterales,Thermaerobacteraceae,Thermaerobacter
Taxon384,Firmicutes,uncultured,uncultured_or,uncultured_fa,uncultured_ge
Taxon385,Fusobacteriota,Fusobacteriia,Fusobacteriales,Fusobacteriaceae,Fusobacteriaceae_ge
Taxon386,Fusobacteriota,Fusobacteriia,Fusobacteriales,Fusobacteriaceae,Fusobacterium
Taxon387,Gemmatimonadota,Gemmatimonadetes,Gemmatimonadales,Gemmatimonadaceae,Gemmatimonadaceae_ge
Taxon388,Gemmatimonadota,Gemmatimonadetes,Gemmatimonadales,Gemmatimonadaceae,Gemmatimonas
Taxon389,MBNT15,MBNT15_cl,MBNT15_or,MBNT15_fa,MBNT15_ge
Taxon390,Margulisbacteria,Margulisbacteria_cl,Margulisbacteria_or,Margulisbacteria_fa,Margulisbacteria_ge
Taxon391,Myxococcota,Myxococcia,Myxococcales,Anaeromyxobacteraceae,Anaeromyxobacter
Taxon392,Myxococcota,Myxococcia,Myxococcales,Myxococcaceae,Aggregicoccus
Taxon393,Myxococcota,Myxococcia,Myxococcales,Myxococcaceae,Hyalangium
Taxon394,Myxococcota,Myxococcia,Myxococcales,Myxococcaceae,KD3-10
Taxon395,Myxococcota,Myxococcia,Myxococcales,Myxococcaceae,Myxococcaceae_ge
Taxon396,Myxococcota,Myxococcia,Myxococcales,Myxococcaceae,P3OB-42
Taxon397,Myxococcota,Myxococcia,Myxococcales,Myxococcaceae,uncultured
Taxon398,Myxococcota,Myxococcia,Myxococcales,Vulgatibacteraceae,Vulgatibacter
Taxon399,Myxococcota,Polyangia,Haliangiales,Haliangiaceae,Haliangium
Taxon400,Myxococcota,Polyangia,Polyangiales,Phaselicystidaceae,Phaselicystis
Taxon401,Myxococcota,Polyangia,Polyangiales,Polyangiaceae,Minicystis
Taxon402,Myxococcota,Polyangia,Polyangiales,Polyangiaceae,Pajaroellobacter
Taxon403,Myxococcota,Polyangia,Polyangiales,Sandaracinaceae,uncultured
Taxon404,Myxococcota,Polyangia,mle1-27,mle1-27_fa,mle1-27_ge
Taxon405,Patescibacteria,Gracilibacteria,Absconditabacteriales_(SR1),Absconditabacteriales_(SR1)_fa,Absconditabacteriales_(SR1)_ge
Taxon406,Patescibacteria,Gracilibacteria,Gracilibacteria_or,Gracilibacteria_fa,Gracilibacteria_ge
Taxon407,Patescibacteria,Gracilibacteria,JGI_0000069-P22,JGI_0000069-P22_fa,JGI_0000069-P22_ge
Taxon408,Patescibacteria,Microgenomatia,Candidatus_Pacebacteria,Candidatus_Pacebacteria_fa,Candidatus_Pacebacteria_ge
Taxon409,Patescibacteria,Parcubacteria,Candidatus_Azambacteria,Candidatus_Azambacteria_fa,Candidatus_Azambacteria_ge
Taxon410,Patescibacteria,Parcubacteria,Candidatus_Moranbacteria,Candidatus_Moranbacteria_fa,Candidatus_Moranbacteria_ge
Taxon411,Patescibacteria,Parcubacteria,Parcubacteria_or,Parcubacteria_fa,Parcubacteria_ge
Taxon412,Patescibacteria,Saccharimonadia,Saccharimonadales,LWQ8,LWQ8_ge
Taxon413,Patescibacteria,Saccharimonadia,Saccharimonadales,Saccharimonadaceae,Candidatus_Saccharimonas
Taxon414,Patescibacteria,Saccharimonadia,Saccharimonadales,Saccharimonadaceae,GTL1
Taxon415,Patescibacteria,Saccharimonadia,Saccharimonadales,Saccharimonadales_fa,Saccharimonadales_ge
Taxon416,Patescibacteria,Saccharimonadia,Saccharimonadales,WWH38,WWH38_ge
Taxon417,Planctomycetota,BD7-11,BD7-11_or,BD7-11_fa,BD7-11_ge
Taxon418,Planctomycetota,Phycisphaerae,Phycisphaerales,Phycisphaeraceae,SM1A02
Taxon419,Planctomycetota,Phycisphaerae,Tepidisphaerales,WD2101_soil_group,WD2101_soil_group_ge
Taxon420,Planctomycetota,Planctomycetes,Gemmatales,Gemmataceae,Fimbriiglobus
Taxon421,Planctomycetota,Planctomycetes,Gemmatales,Gemmataceae,Gemmata
Taxon422,Planctomycetota,Planctomycetes,Gemmatales,Gemmataceae,Gemmataceae_ge
Taxon423,Planctomycetota,Planctomycetes,Gemmatales,Gemmataceae,Zavarzinella
Taxon424,Planctomycetota,Planctomycetes,Gemmatales,Gemmataceae,uncultured
Taxon425,Planctomycetota,Planctomycetes,Isosphaerales,Isosphaeraceae,Aquisphaera
Taxon426,Planctomycetota,Planctomycetes,Isosphaerales,Isosphaeraceae,Isosphaera
Taxon427,Planctomycetota,Planctomycetes,Isosphaerales,Isosphaeraceae,Paludisphaera
Taxon428,Planctomycetota,Planctomycetes,Isosphaerales,Isosphaeraceae,Singulisphaera
Taxon429,Planctomycetota,Planctomycetes,Isosphaerales,Isosphaeraceae,uncultured
Taxon430,Planctomycetota,Planctomycetes,Pirellulales,Pirellulaceae,CPla-4_termite_group
Taxon431,Planctomycetota,Planctomycetes,Pirellulales,Pirellulaceae,Pir4_lineage
Taxon432,Planctomycetota,Planctomycetes,Pirellulales,Pirellulaceae,Pirellula
Taxon433,Planctomycetota,Planctomycetes,Pirellulales,Pirellulaceae,Termite_planctomycete_cluster
Taxon434,Planctomycetota,Planctomycetes,Pirellulales,Pirellulaceae,uncultured
Taxon435,Planctomycetota,Planctomycetes,Planctomycetales,Rubinisphaeraceae,Planctomicrobium
Taxon436,Planctomycetota,Planctomycetes,Planctomycetales,Schlesneriaceae,Planctopirus
Taxon437,Planctomycetota,Planctomycetes,Planctomycetales,uncultured,uncultured_ge
Taxon438,Planctomycetota,Planctomycetes,uncultured,uncultured_fa,uncultured_ge
Taxon439,Planctomycetota,vadinHA49,vadinHA49_or,vadinHA49_fa,vadinHA49_ge
Taxon440,Proteobacteria,Alphaproteobacteria,Acetobacterales,Acetobacteraceae,Acidisoma
Taxon441,Proteobacteria,Alphaproteobacteria,Acetobacterales,Acetobacteraceae,Acidisphaera
Taxon442,Proteobacteria,Alphaproteobacteria,Acetobacterales,Acetobacteraceae,Acidocella
Taxon443,Proteobacteria,Alphaproteobacteria,Acetobacterales,Acetobacteraceae,Craurococcus-Caldovatus
Taxon444,Proteobacteria,Alphaproteobacteria,Acetobacterales,Acetobacteraceae,Endobacter
Taxon445,Proteobacteria,Alphaproteobacteria,Acetobacterales,Acetobacteraceae,Rhodopila
Taxon446,Proteobacteria,Alphaproteobacteria,Acetobacterales,Acetobacteraceae,Rhodovastum
Taxon447,Proteobacteria,Alphaproteobacteria,Acetobacterales,Acetobacteraceae,Roseococcus
Taxon448,Proteobacteria,Alphaproteobacteria,Acetobacterales,Acetobacteraceae,uncultured
Taxon449,Proteobacteria,Alphaproteobacteria,Azospirillales,Azospirillaceae,Azospirillum
Taxon450,Proteobacteria,Alphaproteobacteria,Azospirillales,Inquilinaceae,Inquilinus
Taxon451,Proteobacteria,Alphaproteobacteria,Caedibacterales,Caedibacteraceae,Candidatus_Nucleicultrix
Taxon452,Proteobacteria,Alphaproteobacteria,Caulobacterales,Caulobacteraceae,Caulobacteraceae_ge
Taxon453,Proteobacteria,Alphaproteobacteria,Caulobacterales,Caulobacteraceae,Phenylobacterium
Taxon454,Proteobacteria,Alphaproteobacteria,Caulobacterales,Caulobacteraceae,uncultured
Taxon455,Proteobacteria,Alphaproteobacteria,Caulobacterales,Hyphomonadaceae,Hirschia
Taxon456,Proteobacteria,Alphaproteobacteria,Caulobacterales,Hyphomonadaceae,SWB02
Taxon457,Proteobacteria,Alphaproteobacteria,Dongiales,Dongiaceae,Dongia
Taxon458,Proteobacteria,Alphaproteobacteria,Elsterales,Elsteraceae,uncultured
Taxon459,Proteobacteria,Alphaproteobacteria,Elsterales,URHD0088,URHD0088_ge
Taxon460,Proteobacteria,Alphaproteobacteria,Elsterales,uncultured,uncultured_ge
Taxon461,Proteobacteria,Alphaproteobacteria,Holosporales,Holosporaceae,uncultured
Taxon462,Proteobacteria,Alphaproteobacteria,Micropepsales,Micropepsaceae,Micropepsis
Taxon463,Proteobacteria,Alphaproteobacteria,Micropepsales,Micropepsaceae,uncultured
Taxon464,Proteobacteria,Alphaproteobacteria,Paracaedibacterales,Paracaedibacteraceae,Candidatus_Finniella
Taxon465,Proteobacteria,Alphaproteobacteria,Paracaedibacterales,Paracaedibacteraceae,Candidatus_Odyssella
Taxon466,Proteobacteria,Alphaproteobacteria,Paracaedibacterales,Paracaedibacteraceae,uncultured
Taxon467,Proteobacteria,Alphaproteobacteria,Reyranellales,Reyranellaceae,Reyranella
Taxon468,Proteobacteria,Alphaproteobacteria,Reyranellales,Reyranellaceae,uncultured
Taxon469,Proteobacteria,Alphaproteobacteria,Rhizobiales,A0839,A0839_ge
Taxon470,Proteobacteria,Alphaproteobacteria,Rhizobiales,Amb-16S-1323,Amb-16S-1323_ge
Taxon471,Proteobacteria,Alphaproteobacteria,Rhizobiales,Beijerinckiaceae,1174-901-12
Taxon472,Proteobacteria,Alphaproteobacteria,Rhizobiales,Beijerinckiaceae,Bosea
Taxon473,Proteobacteria,Alphaproteobacteria,Rhizobiales,Beijerinckiaceae,Chelatococcus
Taxon474,Proteobacteria,Alphaproteobacteria,Rhizobiales,Beijerinckiaceae,Methylovirgula
Taxon475,Proteobacteria,Alphaproteobacteria,Rhizobiales,Beijerinckiaceae,Neo-b11
Taxon476,Proteobacteria,Alphaproteobacteria,Rhizobiales,Beijerinckiaceae,Qingshengfania
Taxon477,Proteobacteria,Alphaproteobacteria,Rhizobiales,Beijerinckiaceae,Roseiarcus
Taxon478,Proteobacteria,Alphaproteobacteria,Rhizobiales,Devosiaceae,Devosia
Taxon479,Proteobacteria,Alphaproteobacteria,Rhizobiales,Hyphomicrobiaceae,Hyphomicrobium
Taxon480,Proteobacteria,Alphaproteobacteria,Rhizobiales,Hyphomicrobiaceae,Pedomicrobium
Taxon481,Proteobacteria,Alphaproteobacteria,Rhizobiales,Kaistiaceae,Kaistia
Taxon482,Proteobacteria,Alphaproteobacteria,Rhizobiales,Labraceae,Labrys
Taxon483,Proteobacteria,Alphaproteobacteria,Rhizobiales,Methyloligellaceae,Methyloligella
Taxon484,Proteobacteria,Alphaproteobacteria,Rhizobiales,Methyloligellaceae,uncultured
Taxon485,Proteobacteria,Alphaproteobacteria,Rhizobiales,Methylopilaceae,Albibacter
Taxon486,Proteobacteria,Alphaproteobacteria,Rhizobiales,Pleomorphomonadaceae,Prosthecomicrobium
Taxon487,Proteobacteria,Alphaproteobacteria,Rhizobiales,Rhizobiaceae,Allorhizobium-Neorhizobium-Pararhizobium-Rhizobium
Taxon488,Proteobacteria,Alphaproteobacteria,Rhizobiales,Rhizobiaceae,Mesorhizobium
Taxon489,Proteobacteria,Alphaproteobacteria,Rhizobiales,Rhizobiaceae,Phyllobacterium
Taxon490,Proteobacteria,Alphaproteobacteria,Rhizobiales,Rhizobiaceae,Pseudaminobacter
Taxon491,Proteobacteria,Alphaproteobacteria,Rhizobiales,Rhizobiales_Incertae_Sedis,Bauldia
Taxon492,Proteobacteria,Alphaproteobacteria,Rhizobiales,Rhizobiales_Incertae_Sedis,Phreatobacter
Taxon493,Proteobacteria,Alphaproteobacteria,Rhizobiales,Rhizobiales_Incertae_Sedis,uncultured
Taxon494,Proteobacteria,Alphaproteobacteria,Rhizobiales,Rhodomicrobiaceae,Rhodomicrobium
Taxon495,Proteobacteria,Alphaproteobacteria,Rhizobiales,Xanthobacteraceae,Nitrobacter
Taxon496,Proteobacteria,Alphaproteobacteria,Rhizobiales,Xanthobacteraceae,Pseudolabrys
Taxon497,Proteobacteria,Alphaproteobacteria,Rhizobiales,Xanthobacteraceae,Pseudorhodoplanes
Taxon498,Proteobacteria,Alphaproteobacteria,Rhizobiales,Xanthobacteraceae,Rhodoplanes
Taxon499,Proteobacteria,Alphaproteobacteria,Rhizobiales,Xanthobacteraceae,Starkeya
Taxon500,Proteobacteria,Alphaproteobacteria,Rhizobiales,Xanthobacteraceae,Xanthobacteraceae_ge
Taxon501,Proteobacteria,Alphaproteobacteria,Rhizobiales,Xanthobacteraceae,uncultured
Taxon502,Proteobacteria,Alphaproteobacteria,Rhodobacterales,Rhodobacteraceae,Rubellimicrobium
Taxon503,Proteobacteria,Alphaproteobacteria,Rhodospirillales,Magnetospirillaceae,Telmatospirillum
Taxon504,Proteobacteria,Alphaproteobacteria,Rhodospirillales,uncultured,uncultured_ge
Taxon505,Proteobacteria,Alphaproteobacteria,Rickettsiales,Fokiniaceae,Lyticum
Taxon506,Proteobacteria,Alphaproteobacteria,Rickettsiales,Rickettsiaceae,uncultured
Taxon507,Proteobacteria,Alphaproteobacteria,Rickettsiales,SM2D12,SM2D12_ge
Taxon508,Proteobacteria,Alphaproteobacteria,Rickettsiales,uncultured,uncultured_ge
Taxon509,Proteobacteria,Alphaproteobacteria,Sphingomonadales,Sphingomonadaceae,Hephaestia
Taxon510,Proteobacteria,Alphaproteobacteria,Sphingomonadales,Sphingomonadaceae,Novosphingobium
Taxon511,Proteobacteria,Alphaproteobacteria,Sphingomonadales,Sphingomonadaceae,Sphingobium
Taxon512,Proteobacteria,Alphaproteobacteria,Sphingomonadales,Sphingomonadaceae,Sphingomonas
Taxon513,Proteobacteria,Alphaproteobacteria,uncultured,uncultured_fa,uncultured_ge
Taxon514,Proteobacteria,Gammaproteobacteria,Alteromonadales,Alteromonadaceae,Alishewanella
Taxon515,Proteobacteria,Gammaproteobacteria,Burkholderiales,Alcaligenaceae,Achromobacter
Taxon516,Proteobacteria,Gammaproteobacteria,Burkholderiales,Alcaligenaceae,Bordetella
Taxon517,Proteobacteria,Gammaproteobacteria,Burkholderiales,Alcaligenaceae,Orrella
Taxon518,Proteobacteria,Gammaproteobacteria,Burkholderiales,Burkholderiaceae,Burkholderia-Caballeronia-Paraburkholderia
Taxon519,Proteobacteria,Gammaproteobacteria,Burkholderiales,Burkholderiaceae,Cupriavidus
Taxon520,Proteobacteria,Gammaproteobacteria,Burkholderiales,Burkholderiaceae,Pandoraea
Taxon521,Proteobacteria,Gammaproteobacteria,Burkholderiales,Burkholderiaceae,Robbsia
Taxon522,Proteobacteria,Gammaproteobacteria,Burkholderiales,Burkholderiaceae,uncultured
Taxon523,Proteobacteria,Gammaproteobacteria,Burkholderiales,Chromobacteriaceae,Chromobacterium
Taxon524,Proteobacteria,Gammaproteobacteria,Burkholderiales,Comamonadaceae,Curvibacter
Taxon525,Proteobacteria,Gammaproteobacteria,Burkholderiales,Comamonadaceae,Delftia
Taxon526,Proteobacteria,Gammaproteobacteria,Burkholderiales,Comamonadaceae,Pseudacidovorax
Taxon527,Proteobacteria,Gammaproteobacteria,Burkholderiales,Comamonadaceae,Rubrivivax
Taxon528,Proteobacteria,Gammaproteobacteria,Burkholderiales,Comamonadaceae,Variovorax
Taxon529,Proteobacteria,Gammaproteobacteria,Burkholderiales,Comamonadaceae,Xenophilus
Taxon530,Proteobacteria,Gammaproteobacteria,Burkholderiales,Comamonadaceae,Xylophilus
Taxon531,Proteobacteria,Gammaproteobacteria,Burkholderiales,Neisseriaceae,Neisseria
Taxon532,Proteobacteria,Gammaproteobacteria,Burkholderiales,Nitrosomonadaceae,cr616
Taxon533,Proteobacteria,Gammaproteobacteria,Burkholderiales,Nitrosomonadaceae,mle1-7
Taxon534,Proteobacteria,Gammaproteobacteria,Burkholderiales,Oxalobacteraceae,CM1G08
Taxon535,Proteobacteria,Gammaproteobacteria,Burkholderiales,Oxalobacteraceae,Oxalobacter
Taxon536,Proteobacteria,Gammaproteobacteria,Burkholderiales,Rhodocyclaceae,Propionivibrio
Taxon537,Proteobacteria,Gammaproteobacteria,Burkholderiales,Rhodocyclaceae,Z-35
Taxon538,Proteobacteria,Gammaproteobacteria,Burkholderiales,TRA3-20,TRA3-20_ge
Taxon539,Proteobacteria,Gammaproteobacteria,Coxiellales,Coxiellaceae,Coxiella
Taxon540,Proteobacteria,Gammaproteobacteria,Diplorickettsiales,Diplorickettsiaceae,Aquicella
Taxon541,Proteobacteria,Gammaproteobacteria,Diplorickettsiales,Diplorickettsiaceae,uncultured
Taxon542,Proteobacteria,Gammaproteobacteria,EV818SWSAP88,EV818SWSAP88_fa,EV818SWSAP88_ge
Taxon543,Proteobacteria,Gammaproteobacteria,Enterobacterales,Budviciaceae,Budvicia
Taxon544,Proteobacteria,Gammaproteobacteria,Enterobacterales,Enterobacterales_fa,Enterobacterales_ge
Taxon545,Proteobacteria,Gammaproteobacteria,Enterobacterales,Enterobacteriaceae,Pseudocitrobacter
Taxon546,Proteobacteria,Gammaproteobacteria,Enterobacterales,Yersiniaceae,Serratia
Taxon547,Proteobacteria,Gammaproteobacteria,Gammaproteobacteria_Incertae_Sedis,Unknown_Family,Acidibacter
Taxon548,Proteobacteria,Gammaproteobacteria,Gammaproteobacteria_Incertae_Sedis,Unknown_Family,Candidatus_Berkiella
Taxon549,Proteobacteria,Gammaproteobacteria,Gammaproteobacteria_Incertae_Sedis,Unknown_Family,Unknown_Family_ge
Taxon550,Proteobacteria,Gammaproteobacteria,JG36-TzT-191,JG36-TzT-191_fa,JG36-TzT-191_ge
Taxon551,Proteobacteria,Gammaproteobacteria,Legionellales,Legionellaceae,Legionella
Taxon552,Proteobacteria,Gammaproteobacteria,Orbales,Orbaceae,Candidatus_Schmidhempelia
Taxon553,Proteobacteria,Gammaproteobacteria,Piscirickettsiales,Piscirickettsiaceae,Candidatus_Endoecteinascidia
Taxon554,Proteobacteria,Gammaproteobacteria,Pseudomonadales,Moraxellaceae,Acinetobacter
Taxon555,Proteobacteria,Gammaproteobacteria,Pseudomonadales,Moraxellaceae,Alkanindiges
Taxon556,Proteobacteria,Gammaproteobacteria,Pseudomonadales,Moraxellaceae,uncultured
Taxon557,Proteobacteria,Gammaproteobacteria,Pseudomonadales,Pseudomonadaceae,Pseudomonas
Taxon558,Proteobacteria,Gammaproteobacteria,R7C24,R7C24_fa,R7C24_ge
Taxon559,Proteobacteria,Gammaproteobacteria,Salinisphaerales,Solimonadaceae,Hydrocarboniphaga
Taxon560,Proteobacteria,Gammaproteobacteria,Salinisphaerales,Solimonadaceae,Solimonas
Taxon561,Proteobacteria,Gammaproteobacteria,WD260,WD260_fa,WD260_ge
Taxon562,Proteobacteria,Gammaproteobacteria,Xanthomonadales,Rhodanobacteraceae,Dokdonella
Taxon563,Proteobacteria,Gammaproteobacteria,Xanthomonadales,Rhodanobacteraceae,Dyella
Taxon564,Proteobacteria,Gammaproteobacteria,Xanthomonadales,Rhodanobacteraceae,Luteibacter
Taxon565,Proteobacteria,Gammaproteobacteria,Xanthomonadales,Rhodanobacteraceae,Rhodanobacteraceae_ge
Taxon566,Proteobacteria,Gammaproteobacteria,Xanthomonadales,Rhodanobacteraceae,Rudaea
Taxon567,Proteobacteria,Gammaproteobacteria,Xanthomonadales,Xanthomonadaceae,Pseudoxanthomonas
Taxon568,Proteobacteria,Gammaproteobacteria,Xanthomonadales,Xanthomonadaceae,Stenotrophomonas
Taxon569,Proteobacteria,Gammaproteobacteria,Xanthomonadales,Xanthomonadaceae,Xanthomonas
Taxon570,Rs-K70_termite_group,Rs-K70_termite_group_cl,Rs-K70_termite_group_or,Rs-K70_termite_group_fa,Rs-K70_termite_group_ge
Taxon571,SAR324_clade(Marine_group_B),SAR324_clade(Marine_group_B)_cl,SAR324_clade(Marine_group_B)_or,SAR324_clade(Marine_group_B)_fa,SAR324_clade(Marine_group_B)_ge
Taxon572,Spirochaetota,Leptospirae,Leptospirales,Leptospiraceae,RBG-16-49-21
Taxon573,Spirochaetota,MVP-15,MVP-15_or,MVP-15_fa,MVP-15_ge
Taxon574,Spirochaetota,Spirochaetia,Spirochaetales,Spirochaetaceae,Sediminispirochaeta
Taxon575,Spirochaetota,Spirochaetia,Spirochaetales,Spirochaetaceae,Sphaerochaeta
Taxon576,Spirochaetota,Spirochaetia,Spirochaetales,Spirochaetaceae,Spirochaeta
Taxon577,Spirochaetota,Spirochaetia,Spirochaetales,Spirochaetaceae,Spirochaeta_2
Taxon578,Spirochaetota,Spirochaetia,Spirochaetales,Spirochaetaceae,Termite_Treponema_cluster
Taxon579,Spirochaetota,Spirochaetia,Spirochaetales,Spirochaetaceae,Treponema
Taxon580,Synergistota,Synergistia,Synergistales,Synergistaceae,Aminivibrio
Taxon581,Synergistota,Synergistia,Synergistales,Synergistaceae,Candidatus_Tammella
Taxon582,Synergistota,Synergistia,Synergistales,Synergistaceae,Fretibacterium
Taxon583,Synergistota,Synergistia,Synergistales,Synergistaceae,uncultured
Taxon584,Verrucomicrobiota,Chlamydiae,Chlamydiales,Parachlamydiaceae,Candidatus_Protochlamydia
Taxon585,Verrucomicrobiota,Chlamydiae,Chlamydiales,Parachlamydiaceae,Neochlamydia
Taxon586,Verrucomicrobiota,Chlamydiae,Chlamydiales,Simkaniaceae,Ga0074140
Taxon587,Verrucomicrobiota,Chlamydiae,Chlamydiales,Simkaniaceae,uncultured
Taxon588,Verrucomicrobiota,Chlamydiae,Chlamydiales,cvE6,cvE6_ge
Taxon589,Verrucomicrobiota,Kiritimatiellae,WCHB1-41,WCHB1-41_fa,WCHB1-41_ge
Taxon590,Verrucomicrobiota,Lentisphaeria,Victivallales,Victivallaceae,Victivallaceae_ge
Taxon591,Verrucomicrobiota,Omnitrophia,Omnitrophales,Omnitrophaceae,Candidatus_Omnitrophus
Taxon592,Verrucomicrobiota,Verrucomicrobiae,Chthoniobacterales,Chthoniobacteraceae,Chthoniobacter
Taxon593,Verrucomicrobiota,Verrucomicrobiae,Chthoniobacterales,Chthoniobacteraceae,LD29
Taxon594,Verrucomicrobiota,Verrucomicrobiae,Chthoniobacterales,Terrimicrobiaceae,Terrimicrobium
Taxon595,Verrucomicrobiota,Verrucomicrobiae,Chthoniobacterales,Xiphinematobacteraceae,Candidatus_Xiphinematobacter
Taxon596,Verrucomicrobiota,Verrucomicrobiae,Methylacidiphilales,Methylacidiphilaceae,uncultured
Taxon597,Verrucomicrobiota,Verrucomicrobiae,Opitutales,Opitutaceae,Diplosphaera
Taxon598,Verrucomicrobiota,Verrucomicrobiae,Opitutales,Opitutaceae,Ereboglobus
Taxon599,Verrucomicrobiota,Verrucomicrobiae,Opitutales,Opitutaceae,Lacunisphaera
Taxon600,Verrucomicrobiota,Verrucomicrobiae,Opitutales,Puniceicoccaceae,Cerasicoccus
Taxon601,Verrucomicrobiota,Verrucomicrobiae,Opitutales,Puniceicoccaceae,Puniceicoccaceae_ge
Taxon602,Verrucomicrobiota,Verrucomicrobiae,Opitutales,Puniceicoccaceae,uncultured
Taxon603,Verrucomicrobiota,Verrucomicrobiae,Pedosphaerales,Pedosphaeraceae,ADurb.Bin063-1
Taxon604,Verrucomicrobiota,Verrucomicrobiae,Pedosphaerales,Pedosphaeraceae,Pedosphaera
Taxon605,Verrucomicrobiota,Verrucomicrobiae,Pedosphaerales,Pedosphaeraceae,uncultured
Taxon606,Verrucomicrobiota,Verrucomicrobiae,UA11,UA11_fa,UA11_ge
Taxon607,Verrucomicrobiota,Verrucomicrobiae,Verrucomicrobiales,Rubritaleaceae,Luteolibacter
Taxon608,Verrucomicrobiota,Verrucomicrobiae,Verrucomicrobiales,Verrucomicrobiaceae,Roseimicrobium
Taxon609,Verrucomicrobiota,Verrucomicrobiae,Verrucomicrobiales,Verrucomicrobiaceae,Verrucomicrobium
Taxon610,Verrucomicrobiota,Verrucomicrobiae,uncultured,uncultured_fa,uncultured_ge
Taxon611,WPS-2,WPS-2_cl,WPS-2_or,WPS-2_fa,WPS-2_ge
Taxon612,WS4,WS4_cl,WS4_or,WS4_fa,WS4_ge
